title,company,location,link
Stardog Union,Stardog Union,Arlington,https://stackoverflow.com/jobs/companies/stardog-union
ImFusion GmbH,ImFusion GmbH,München; Munich,https://stackoverflow.com/jobs/companies/imfusion-gmbh
ZEISS Group,ZEISS Group,München; Oberkochen; Jena,https://stackoverflow.com/jobs/companies/zeiss-group
FINN,FINN,München,https://stackoverflow.com/jobs/companies/finn
CARIAD,CARIAD,Nürnberg; Wolfsburg; Mönsheim,https://stackoverflow.com/jobs/companies/cariad
Baker Hughes,Baker Hughes,Houston; Cramlington; Groby,https://stackoverflow.com/jobs/companies/baker-hughes
Creative Assembly,Creative Assembly,Horsham; Bulgaria,https://stackoverflow.com/jobs/companies/creative-assembly
atma.io,atma.io,Graz; Zagreb; Leinfelden-Echterdingen,https://stackoverflow.com/jobs/companies/atma.io
Picnic,Picnic,Düsseldorf; Amsterdam,https://stackoverflow.com/jobs/companies/picnic
LeoVegas Mobile Gaming Group,LeoVegas Mobile Gaming Group,Stockholm; Västerås; Växjö,https://stackoverflow.com/jobs/companies/leovegas-mobile-gaming-group
Copado Strategic Services,Copado Strategic Services,San Francisco,https://stackoverflow.com/jobs/companies/copado-strategic-services
Breuninger GmbH & Co.,Breuninger GmbH & Co.,Düsseldorf; Stuttgart,https://stackoverflow.com/jobs/companies/breuninger-gmbh-&-co.
IMC Trading,IMC Trading,Amsterdam; Chicago; The Rocks,https://stackoverflow.com/jobs/companies/imc-trading
Catawiki,Catawiki,Assen; Amsterdam,https://stackoverflow.com/jobs/companies/catawiki
Motius GmbH,Motius GmbH,München; Stuttgart; Dubai,https://stackoverflow.com/jobs/companies/motius-gmbh
ING Deutschland,ING Deutschland,Frankfurt am Main; Nürnberg,https://stackoverflow.com/jobs/companies/ing-deutschland
MUFG,MUFG,Phoenix; Charlotte; Dallas,https://stackoverflow.com/jobs/companies/mufg
Assurance,Assurance,Toronto; Seattle; Fort Lauderdale,https://stackoverflow.com/jobs/companies/assurance
Enveil,Enveil,Fulton,https://stackoverflow.com/jobs/companies/enveil
Yoco,Yoco,Cape Town; Amsterdam; Johannesburg,https://stackoverflow.com/jobs/companies/yoco
Enveil,Enveil,Fulton,https://stackoverflow.com/jobs/companies/enveil
Yoco,Yoco,Cape Town; Amsterdam; Johannesburg,https://stackoverflow.com/jobs/companies/yoco
AllTrails,AllTrails,San Francisco,https://stackoverflow.com/jobs/companies/alltrails
Adference GmbH,Adference GmbH,Lüneburg,https://stackoverflow.com/jobs/companies/adference-gmbh
Udemy,Udemy,Mountain View; Austin; Denver,https://stackoverflow.com/jobs/companies/udemy
Inductive Automation,Inductive Automation,Folsom,https://stackoverflow.com/jobs/companies/inductive-automation
"Sailpoint Technologies, Inc.","Sailpoint Technologies, Inc.",Austin,"https://stackoverflow.com/jobs/companies/sailpoint-technologies,-inc."
Thermo Fisher Scientific Careers,Thermo Fisher Scientific Careers,Hyderabad; Budapest; Austin,https://stackoverflow.com/jobs/companies/thermo-fisher-scientific-careers
ASML,ASML,Chandler; Veldhoven; East District,https://stackoverflow.com/jobs/companies/asml
SpotMe,SpotMe,Sofia; Lausanne,https://stackoverflow.com/jobs/companies/spotme
Fullscript,Fullscript,Ottawa; Scottsdale,https://stackoverflow.com/jobs/companies/fullscript
Geotab,Geotab,No office location,https://stackoverflow.com/jobs/companies/geotab
Capital Group,Capital Group,San Antonio; Irvine; Los Angeles,https://stackoverflow.com/jobs/companies/capital-group
The Home Depot,The Home Depot,No office location,https://stackoverflow.com/jobs/companies/the-home-depot
PHOENIX CONTACT GmbH & Co. KG,PHOENIX CONTACT GmbH & Co. KG,Blomberg,https://stackoverflow.com/jobs/companies/phoenix-contact-gmbh-&-co.-kg
LinkedIn,LinkedIn,Beijing; New York; Sunnyvale,https://stackoverflow.com/jobs/companies/linkedin
Andela,Andela,No office location,https://stackoverflow.com/jobs/companies/andela
MBition (Mercedes Benz AG),MBition (Mercedes Benz AG),Berlin,https://stackoverflow.com/jobs/companies/mbition-(mercedes-benz-ag)
Dell Technologies,Dell Technologies,Seattle; Round Rock; Hopkinton,https://stackoverflow.com/jobs/companies/dell-technologies
CREDIT SUISSE AG,CREDIT SUISSE AG,London; Zürich; Navi Mumbai,https://stackoverflow.com/jobs/companies/credit-suisse-ag
Vertica,Vertica,Cambridge; Pittsburgh,https://stackoverflow.com/jobs/companies/vertica
Zühlke Engineering GmbH,Zühlke Engineering GmbH,Eschborn; München; Stuttgart,https://stackoverflow.com/jobs/companies/zühlke-engineering-gmbh
JPMorgan Chase & Co.,JPMorgan Chase & Co.,Buenos Aires; Herzliya; Bengaluru,https://stackoverflow.com/jobs/companies/jpmorgan-chase-&-co.
Canonical,Canonical,Taipei City; London; Montreal,https://stackoverflow.com/jobs/companies/canonical
Warner Bros. Discovery,Warner Bros. Discovery,Knoxville; Sterling; New York,https://stackoverflow.com/jobs/companies/warner-bros.-discovery
Flip App,Flip App,Stuttgart,https://stackoverflow.com/jobs/companies/flip-app
Lufthansa Industry Solutions,Lufthansa Industry Solutions,Wolfsburg; Wetzlar; Stuttgart,https://stackoverflow.com/jobs/companies/lufthansa-industry-solutions
Zuhlke Engineering Ltd,Zuhlke Engineering Ltd,Manchester; Edinburgh; London,https://stackoverflow.com/jobs/companies/zuhlke-engineering-ltd
Apple,Apple,Cupertino; Austin; Haifa,https://stackoverflow.com/jobs/companies/apple
funda,funda,Amsterdam,https://stackoverflow.com/jobs/companies/funda
BAE Systems Digital Intelligence,BAE Systems Digital Intelligence,Manchester; Brockworth; Leeds,https://stackoverflow.com/jobs/companies/bae-systems-digital-intelligence
Adevinta,Adevinta,Barcelona; Paris,https://stackoverflow.com/jobs/companies/adevinta
Zuhlke Engineering EOOD,Zuhlke Engineering EOOD,Sofia,https://stackoverflow.com/jobs/companies/zuhlke-engineering-eood
Delivery Hero SE,Delivery Hero SE,Berlin,https://stackoverflow.com/jobs/companies/delivery-hero-se
MOIA GmbH,MOIA GmbH,Berlin; Hamburg,https://stackoverflow.com/jobs/companies/moia-gmbh
Abbott,Abbott,California; Orlando; Bend,https://stackoverflow.com/jobs/companies/abbott
Ford Motor Company,Ford Motor Company,Dearborn; Palo Alto; Detroit,https://stackoverflow.com/jobs/companies/ford-motor-company
PayPay Corporation.,PayPay Corporation.,No office location,https://stackoverflow.com/jobs/companies/paypay-corporation.
3M Health Information Systems and The Digital Science Community,3M Health Information Systems and The Digital Science Community,Albany; Silver Spring; Pittsburgh,https://stackoverflow.com/jobs/companies/3m-health-information-systems-and-the-digital-science-community
Fidelity Investments,Fidelity Investments,Westlake; Salt Lake City; Durham,https://stackoverflow.com/jobs/companies/fidelity-investments
Amazon Web Services (AWS),Amazon Web Services (AWS),No office location,https://stackoverflow.com/jobs/companies/amazon-web-services-(aws)
Northwestern Mutual,Northwestern Mutual,Milwaukee; New York,https://stackoverflow.com/jobs/companies/northwestern-mutual
"DICK'S Sporting Goods, Inc.","DICK'S Sporting Goods, Inc.",No office location,"https://stackoverflow.com/jobs/companies/dick's-sporting-goods,-inc."
Luxoft,Luxoft,Wrocław; Gdańsk; Torino,https://stackoverflow.com/jobs/companies/luxoft
G DATA CyberDefense AG,G DATA CyberDefense AG,Bochum,https://stackoverflow.com/jobs/companies/g-data-cyberdefense-ag
BAUHAUS AG,BAUHAUS AG,Mannheim,https://stackoverflow.com/jobs/companies/bauhaus-ag
Bloomberg LP,Bloomberg LP,New York; Princeton; London,https://stackoverflow.com/jobs/companies/bloomberg-lp
Commonwealth Bank,Commonwealth Bank,Sydney; Eveleigh,https://stackoverflow.com/jobs/companies/commonwealth-bank
Zühlke Engineering AG,Zühlke Engineering AG,Bern; Schlieren,https://stackoverflow.com/jobs/companies/zühlke-engineering-ag
Audible,Audible,Newark; Cambridge; Seattle,https://stackoverflow.com/jobs/companies/audible
Caterpillar Inc.,Caterpillar Inc.,Chicago; Peoria; Bengaluru,https://stackoverflow.com/jobs/companies/caterpillar-inc.
DraftKings,DraftKings,Boston; Las Vegas; Sofia,https://stackoverflow.com/jobs/companies/draftkings
Erste Digital,Erste Digital,Wien; Praha 4; Bratislava,https://stackoverflow.com/jobs/companies/erste-digital
PAYBACK,PAYBACK,München; Wien; Köln,https://stackoverflow.com/jobs/companies/payback
If P&C Insurance,If P&C Insurance,Mölndal; Hvidovre; Espoo,https://stackoverflow.com/jobs/companies/if-p&c-insurance
PwC,PwC,New York,https://stackoverflow.com/jobs/companies/pwc
